Tick,Quality,type,Task
25.0,4.209373659563254,Order349-4,Task 4
26.3,20.27346919365365,Order349-3,Task 3
27.0,5.159243767546207,Order349-6,Task 6
28.3,0.08403311479249487,Order349-9,Task 9
30.3,-0.8002924755119771,Order349-2,Task 2
33.3,5.025210201094418,Order349-1,Task 1
33.3,4.324975020101172,Order349-10,Task 10
35.3,2.0368074903789175,Order349-8,Task 8
35.3,6.483724404768903,Order349-7,Task 7
36.3,3.026127351382655,Order349-5,Task 5
54.3,2.3885364750323603,Order349-10,Task 20
56.3,24.22784734261976,Order349-3,Task 13
57.3,4.661188340886953,Order349-6,Task 16
59.3,-0.7170955959748118,Order345-4,Task 24
60.3,6.865888825929286,Order349-2,Task 12
60.3,-1.9014832362868228,Order349-9,Task 19
63.3,5.452791587644743,Order349-1,Task 11
64.3,2.726314827992985,Order349-8,Task 18
67.3,22.45557524970928,Order347-5,Task 54
67.3,4.42776880850901,Order349-7,Task 17
67.3,1.419825305531804,Order349-5,Task 15
68.3,2.0140251413803045,Order345-10,Task 30
69.3,14.521239289662077,Order345-2,Task 22
71.3,13.141368898994905,Order349-4,Task 14
78.3,2.9742281184977237,Order345-7,Task 27
78.3,1.8853159371316686,Order345-5,Task 25
79.3,2.3980114534867316,Order345-3,Task 23
80.3,1.0698127792999614,Order345-6,Task 26
81.3,4.225042103243004,Order345-1,Task 21
82.3,15.231089355763348,Order345-9,Task 29
83.3,3.2832528279420594,Order345-8,Task 28
84.3,3.798316660020888,Order350-1,Task 31
85.3,24.404044720627002,Order350-7,Task 37
87.3,12.108377204214051,Order350-9,Task 39
89.3,4.326443256441822,Order350-5,Task 35
90.3,2.87193434601158,Order350-2,Task 32
91.3,11.616005533059067,Order350-3,Task 33
92.3,0.20253023339295106,Order350-6,Task 36
94.3,5.5946873264799,Order350-8,Task 38
98.3,5.961613566082653,Order346-8,Task 47
99.3,5.019520810931725,Order346-5,Task 44
100.3,8.4831980063844,Order346-6,Task 45
101.3,2.0488607953136935,Order350-4,Task 34
104.3,4.1590144728789875,Order346-9,Task 48
106.3,9.666153836744275,Order347-10,Task 59
106.3,6.025072771885596,Order346-2,Task 41
107.3,2.2021606605546333,Order346-10,Task 49
109.3,-1.9291023159015959,Order346-7,Task 46
109.3,3.9946748992456187,Order346-1,Task 40
110.3,0.24595233149165674,Order346-4,Task 43
115.3,6.95476051249772,Order347-9,Task 58
117.0,2.859128162111447,Order350-4,Task 112
117.3,5.637698001112817,Order347-4,Task 53
117.3,22.516960627193765,Order346-3,Task 42
120.3,8.55530216801007,Order350-7,Task 66
122.3,0.26024406867694694,Order347-7,Task 56
124.3,3.9626649760275736,Order354-6,Task 123
124.3,13.625939499160133,Order347-6,Task 55
125.3,6.478004188916642,Order350-9,Task 68
127.3,4.956878865491092,Order350-8,Task 67
128.3,12.028978886819234,Order347-2,Task 51
129.3,5.489238837951245,Order350-2,Task 61
131.3,8.712352703255585,Order347-1,Task 50
132.3,7.319157553447673,Order353-6,Task 84
138.3,2.1031889804873742,Order347-8,Task 57
139.3,21.866882887837573,Order353-8,Task 96
141.3,4.552519176470604,Order350-6,Task 65
147.3,7.011364636941584,Order353-3,Task 71
148.3,12.41427204739944,Order347-3,Task 52
149.3,3.6919667461170524,Order353-4,Task 82
150.3,4.541438368347585,Order350-3,Task 62
150.3,14.201112334574686,Order350-4,Task 63
151.3,12.184048490548317,Order350-1,Task 60
152.3,6.067806698262869,Order353-9,Task 77
153.3,8.240980084628172,Order353-7,Task 85
154.3,7.228626474269273,Order350-5,Task 64
154.3,17.11399816973553,Order353-2,Task 70
156.3,20.85031229114827,Order353-8,Task 76
157.3,16.558039249345995,Order353-3,Task 91
160.3,13.495009869204432,Order353-7,Task 75
162.3,12.557593925955358,Order353-10,Task 88
166.3,5.7244962098098116,Order353-5,Task 93
167.3,4.663154604604486,Order353-6,Task 74
168.3,4.428889567464054,Order353-4,Task 72
168.3,20.739934477996012,Order348-9,Task 166
169.3,4.417102366553537,Order353-5,Task 73
170.3,4.140147599720593,Order353-9,Task 87
170.3,4.43163979434725,Order353-1,Task 89
172.3,4.8422437676131365,Order353-1,Task 69
173.3,14.226870566378475,Order353-10,Task 78
173.3,6.618088739951709,Order353-6,Task 94
175.3,16.35721812277283,Order353-3,Task 81
177.3,8.214915955633108,Order353-7,Task 95
178.3,6.155845792084679,Order353-1,Task 79
179.3,9.41008905894375,Order350-7,Task 115
179.3,12.50502627577997,Order351-10,Task 108
179.3,10.171280176849299,Order353-10,Task 98
183.3,5.331972392566412,Order353-5,Task 83
188.3,5.712574633569919,Order353-9,Task 97
192.3,5.375188074396196,Order351-2,Task 100
193.3,5.355882089518164,Order351-7,Task 105
195.3,5.081357912089031,Order353-2,Task 80
195.3,4.999824496611202,Order351-1,Task 99
195.3,5.018917072402186,Order353-2,Task 90
195.3,22.07204703275363,Order353-8,Task 86
197.3,5.383878675219785,Order353-4,Task 92
202.3,4.521427586727214,Order351-5,Task 103
203.3,3.3010065033382188,Order351-3,Task 101
203.3,14.153113873919635,Order351-8,Task 106
209.3,4.867970340069061,Order351-4,Task 102
210.3,4.102575421674507,Order351-9,Task 107
212.3,4.324790931456867,Order350-2,Task 110
216.3,0.8142622554376953,Order350-1,Task 109
218.3,5.342659765925119,Order351-6,Task 104
219.3,6.361965728536112,Order350-5,Task 113
223.3,0.24269368417188852,Order350-6,Task 114
225.3,5.652015094481526,Order350-8,Task 116
227.3,7.182174413784498,Order350-9,Task 117
228.3,2.4273540006848564,Order354-10,Task 127
229.3,4.901972390456515,Order353-1,Task 128
229.3,3.75059112139785,Order350-3,Task 111
230.3,8.63097009822825,Order353-10,Task 137
230.3,3.5029025648894243,Order354-1,Task 118
230.3,3.7594909941824173,Order345-10,Task 157
235.3,4.839917532040836,Order354-7,Task 124
235.3,9.991822479341149,Order354-5,Task 122
242.3,2.8233194324155937,Order354-3,Task 120
245.3,5.578856402958538,Order354-8,Task 125
246.3,4.889465403611998,Order354-2,Task 119
249.3,4.4083690947316985,Order354-9,Task 126
250.3,1.756834366611911,Order354-4,Task 121
251.3,5.32364164104752,Order353-2,Task 129
251.3,5.0624227214153485,Order345-4,Task 151
255.3,23.15966693387708,Order353-8,Task 135
258.3,5.24689234084774,Order353-7,Task 134
259.3,2.6609668418252346,Order353-9,Task 136
262.3,5.564139129780183,Order353-6,Task 133
264.3,22.385836405828552,Order353-3,Task 130
267.3,11.72055993774198,Order347-1,Task 138
267.3,2.1258130068707835,Order353-4,Task 131
269.3,6.450773135144117,Order347-3,Task 140
270.3,22.810253473955633,Order347-5,Task 142
274.3,15.319582487915223,Order348-2,Task 159
277.3,5.039527816844535,Order353-5,Task 132
278.3,9.845661193567501,Order347-6,Task 143
280.3,5.843079567596366,Order347-8,Task 145
286.3,-0.5149101408866521,Order347-7,Task 144
286.3,5.643921519022245,Order347-9,Task 146
287.3,4.1970699400205485,Order347-4,Task 141
292.3,4.724242939626274,Order347-2,Task 139
292.3,2.9020906123903694,Order345-7,Task 154
293.3,12.064374779544288,Order347-10,Task 147
295.3,2.958421267617552,Order345-8,Task 155
296.3,4.072717404421068,Order345-5,Task 152
298.3,7.776035514266445,Order345-2,Task 149
300.3,2.5147915137245076,Order345-3,Task 150
301.3,2.725157627531386,Order345-6,Task 153
302.3,6.870580616950097,Order345-1,Task 148
306.3,-2.6513409143872693,Order348-10,Task 167
308.3,5.458003300359133,Order348-6,Task 163
308.3,7.819374361569888,Order348-8,Task 165
309.3,2.5806164291190417,Order351-2,Task 169
309.3,3.1081275724850164,Order348-1,Task 158
309.3,11.564961496231657,Order345-9,Task 156
310.3,3.2244287907555695,Order351-8,Task 175
311.3,17.359833910037185,Order351-10,Task 177
312.3,11.825791174461457,Order351-10,Task 247
312.3,2.553200068614311,Order351-1,Task 168
314.3,8.46381886312448,Order351-4,Task 171
317.3,17.0493265761026,Order351-10,Task 187
317.3,3.9310928752211014,Order351-9,Task 176
318.3,8.68877356177063,Order348-3,Task 160
319.3,4.0379596939240665,Order351-3,Task 170
319.3,6.111471836506112,Order351-5,Task 172
325.3,13.874569993863428,Order351-6,Task 173
325.3,11.645568564031734,Order348-7,Task 164
328.3,0.8446474672193685,Order351-7,Task 174
328.3,2.88428872685407,Order351-2,Task 179
329.3,2.9201782190567958,Order351-8,Task 185
330.3,3.990247154781124,Order351-1,Task 178
333.3,11.572629948182486,Order351-4,Task 181
335.3,9.626431296511988,Order345-10,Task 295
335.3,0.793939822648349,Order348-5,Task 162
335.3,0.7896208914756535,Order348-4,Task 161
337.3,4.458806838650278,Order351-5,Task 182
338.3,2.009369181464053,Order351-7,Task 184
339.3,3.6066025296306807,Order351-3,Task 180
344.3,1.4902256411116515,Order353-10,Task 197
344.3,1.4139214668781503,Order351-9,Task 186
346.3,7.807279097569562,Order351-6,Task 183
348.3,7.4880182070916055,Order353-7,Task 194
349.3,11.750913799265888,Order353-9,Task 196
349.3,2.4006660158700917,Order351-3,Task 200
353.3,4.785831850388169,Order353-6,Task 193
354.3,2.42164807526385,Order353-2,Task 189
354.3,9.085845349137772,Order353-8,Task 195
354.3,0.04207363637843686,Order353-3,Task 190
357.3,11.612951100867509,Order353-1,Task 188
358.3,19.517356954294456,Order351-10,Task 207
362.3,3.3563143814440934,Order353-5,Task 192
364.3,2.4009488108220047,Order351-1,Task 198
367.3,10.75360006345525,Order351-4,Task 201
370.3,6.055615623751739,Order353-4,Task 191
374.3,15.284080349414785,Order351-6,Task 203
375.3,2.8204388324030196,Order351-8,Task 205
377.3,3.6397143471433804,Order351-2,Task 199
378.3,0.11883763548186765,Order351-9,Task 206
384.3,1.5612524078916246,Order351-7,Task 204
386.3,1.4575485267447101,Order351-5,Task 202
387.3,2.373714024203133,Order346-8,Task 215
389.3,0.681117525291032,Order348-8,Task 225
390.3,5.7506547360091576,Order346-5,Task 212
392.3,3.950818646123862,Order346-10,Task 217
392.3,2.284151905891383,Order346-6,Task 213
393.3,23.389423084601976,Order353-4,Task 357
396.3,17.24642989548702,Order346-3,Task 210
397.3,2.71672768714508,Order346-7,Task 214
398.3,0.009522867337556917,Order346-4,Task 211
401.3,2.311095666702898,Order346-9,Task 216
402.3,3.6702352299263947,Order348-2,Task 219
402.3,3.117872709382658,Order346-1,Task 208
406.3,13.42313557268766,Order348-9,Task 226
408.3,0.6203257365187733,Order348-6,Task 223
408.3,8.90216798672602,Order346-2,Task 209
412.3,1.0995605160938489,Order348-3,Task 220
414.3,3.9166128272104785,Order348-8,Task 235
414.3,0.5644640421596345,Order348-10,Task 227
417.3,4.811637530415496,Order348-5,Task 222
417.3,0.8638727779872699,Order348-1,Task 218
422.3,5.786389460368923,Order348-7,Task 224
422.3,10.2659066971067,Order348-9,Task 236
423.3,1.6075931809669173,Order348-1,Task 228
428.3,3.703381223480769,Order351-3,Task 240
428.3,1.3548727867132584,Order348-10,Task 237
430.3,-2.9073336525356233,Order348-6,Task 233
433.3,0.2753054798937056,Order348-5,Task 232
433.3,2.168043571714045,Order348-4,Task 221
439.3,0.6473174027334614,Order348-2,Task 229
440.3,8.231943147619733,Order348-7,Task 234
448.3,2.8267489441964493,Order351-5,Task 242
449.3,4.650289075938754,Order348-3,Task 230
450.3,2.5523897577698995,Order348-4,Task 231
453.3,7.226272387342044,Order351-4,Task 241
455.3,0.7485852781271869,Order351-6,Task 243
456.3,2.43357748985549,Order351-8,Task 245
456.3,3.1812002443068454,Order351-1,Task 238
457.3,1.007979943173491,Order351-2,Task 239
458.3,1.2513352316042465,Order351-9,Task 246
459.3,2.0940156816349056,Order352-8,Task 255
463.3,12.554921875166839,Order353-1,Task 257
466.3,-4.215419092450256,Order351-7,Task 244
476.3,2.115575562141881,Order352-9,Task 256
479.3,20.51759005398428,Order353-1,Task 402
483.3,-4.7330789195766165,Order352-7,Task 254
483.3,20.029580307870674,Order353-4,Task 405
484.0,15.824461988284076,Order351-2,Task 423
484.3,4.277155507048333,Order352-2,Task 249
486.3,19.90339253963715,Order351-9,Task 430
486.3,5.609064314209611,Order352-6,Task 253
488.3,5.993412954231033,Order352-4,Task 251
489.3,3.22683419828463,Order352-3,Task 250
489.3,16.710931691908936,Order352-5,Task 252
492.3,24.09821618059526,Order353-4,Task 415
493.3,8.80754309217944,Order353-7,Task 263
493.3,6.028424247400004,Order353-9,Task 265
495.3,2.3894740830668044,Order353-2,Task 258
495.3,3.7579487167411907,Order353-3,Task 259
496.3,11.302773190393044,Order353-8,Task 264
498.3,1.4185796983231114,Order352-1,Task 248
500.3,5.330871675532762,Order353-6,Task 262
505.3,2.5039464792954544,Order353-10,Task 266
509.3,2.9604990785852774,Order353-5,Task 261
510.3,2.3365326950494603,Order346-3,Task 278
518.3,5.808811986486612,Order353-4,Task 260
519.3,1.6284709611711439,Order350-4,Task 270
520.3,6.725211133826353,Order346-9,Task 284
522.3,7.223396145263067,Order346-5,Task 280
524.3,2.0491767728305987,Order350-1,Task 267
525.3,2.8467907140978594,Order350-9,Task 275
526.3,4.328748011729456,Order346-6,Task 281
529.3,6.332823175776639,Order346-8,Task 283
533.3,2.329807030234587,Order346-1,Task 276
533.3,-1.6209934170870808,Order350-6,Task 272
535.3,-0.4122549798328943,Order346-7,Task 282
536.3,3.3170588157339833,Order345-4,Task 289
536.3,1.8875408403218936,Order350-8,Task 274
539.3,1.27462132741983,Order350-3,Task 269
541.3,25.317127514752805,Order350-7,Task 273
542.3,22.145773444497337,Order353-4,Task 453
543.3,4.31050553922564,Order350-5,Task 271
548.3,0.5189364349025567,Order346-10,Task 285
549.3,3.6094177852429676,Order346-4,Task 279
550.3,3.7570129230637335,Order350-2,Task 268
550.3,5.449477620691534,Order346-2,Task 277
553.3,2.821285959576539,Order345-8,Task 293
554.3,-0.5999274555912573,Order345-1,Task 286
557.3,3.073400561128369,Order345-5,Task 290
559.3,2.9652240768100677,Order345-6,Task 291
561.3,3.363725781780572,Order345-9,Task 294
565.3,6.640787396722166,Order345-2,Task 287
567.3,0.7111132728407843,Order345-3,Task 288
572.3,28.776069881386523,Order348-9,Task 304
573.3,2.815606399973277,Order345-7,Task 292
576.3,1.7995096798211372,Order348-8,Task 303
577.3,7.493114842904959,Order348-4,Task 299
581.3,17.66002794124585,Order353-4,Task 482
583.3,3.692675429483967,Order348-5,Task 300
585.3,4.984320409128627,Order348-7,Task 302
586.3,5.248116876605256,Order348-1,Task 296
587.3,2.539791654815101,Order348-2,Task 297
590.3,3.1480155026248497,Order348-10,Task 305
592.3,-1.4914149247282484,Order348-6,Task 301
595.3,4.765639177209745,Order348-3,Task 298
599.3,11.440119785662713,Order353-9,Task 314
599.3,4.916077133378857,Order353-3,Task 308
600.3,0.5465400797914426,Order353-5,Task 310
601.3,3.948112559509677,Order353-2,Task 307
605.3,9.484341442212088,Order353-1,Task 306
608.3,5.295519102584186,Order353-6,Task 311
612.3,3.9922461809713985,Order346-8,Task 323
614.3,2.92040015625344,Order353-10,Task 315
615.3,2.780518529659062,Order346-4,Task 319
617.3,2.8113415817835605,Order346-10,Task 325
617.3,1.5361241497860512,Order353-4,Task 309
621.3,4.376523324104987,Order353-7,Task 312
621.3,2.1712129727539695,Order346-7,Task 322
622.3,4.5834731206171995,Order346-5,Task 320
623.3,0.8267946624226408,Order346-2,Task 317
628.3,0.6576352738689852,Order346-3,Task 318
628.3,22.849529303648673,Order353-8,Task 313
629.3,6.494985697594915,Order346-6,Task 321
630.3,3.527151678059061,Order346-9,Task 324
631.0,17.607784855589657,Order351-2,Task 545
631.3,4.850332896734569,Order350-2,Task 327
631.3,4.339336995034007,Order346-1,Task 316
632.3,20.712744574167758,Order350-7,Task 332
632.3,0.3558417508156322,Order350-8,Task 333
633.0,10.817664735905124,Order346-7,Task 560
633.3,16.13719355883147,Order351-9,Task 552
635.3,3.073847875422489,Order350-1,Task 326
638.3,-0.44931900304213146,Order350-6,Task 331
638.3,4.400519631428396,Order350-5,Task 330
639.3,2.876950120329496,Order350-4,Task 329
639.3,5.0751512001412316,Order350-9,Task 334
641.3,1.5234815624489522,Order346-1,Task 335
641.3,2.867950322915602,Order346-9,Task 343
643.3,6.493152389297966,Order346-5,Task 339
644.3,1.2463705321188,Order346-10,Task 344
645.3,1.2568541734439167,Order346-4,Task 338
646.3,1.132240232419809,Order346-7,Task 341
646.3,5.86332100047762,Order346-6,Task 340
647.3,1.8375233233055832,Order350-3,Task 328
649.3,1.5527827138225003,Order350-1,Task 345
649.3,20.98377969742623,Order350-7,Task 351
651.3,3.6372862767304888,Order346-3,Task 337
653.3,2.024441622761778,Order350-2,Task 346
655.3,-2.4535621752846772,Order350-4,Task 348
655.3,-4.341195499804319,Order346-8,Task 342
659.3,-0.9567220493711224,Order350-6,Task 350
659.3,0.22492340835543212,Order346-2,Task 336
660.3,4.387738041601461,Order350-9,Task 353
662.3,5.928340739877068,Order350-8,Task 352
665.3,23.22133890652991,Order353-7,Task 360
667.3,11.457103873255322,Order348-9,Task 582
668.3,0.36707059078529625,Order350-5,Task 349
669.3,4.290572505727443,Order350-3,Task 347
669.3,21.034528082437937,Order352-6,Task 369
674.3,-2.880019152956116,Order353-2,Task 355
675.3,27.12787092597306,Order353-8,Task 361
679.3,-1.1259307539951573,Order353-10,Task 363
680.3,19.280292573894076,Order353-9,Task 362
682.3,4.0715559052656065,Order353-3,Task 356
683.3,5.745803754083287,Order353-6,Task 359
687.3,-1.827470002911869,Order352-2,Task 365
688.3,12.612997147367196,Order353-1,Task 354
693.3,2.3600856695975407,Order352-1,Task 364
693.3,3.168068007764668,Order353-5,Task 358
697.3,7.708094235113073,Order346-5,Task 377
698.3,5.837099124684874,Order352-3,Task 366
699.3,5.01297000217777,Order352-7,Task 370
700.3,3.4234178315674093,Order352-8,Task 371
704.3,1.2838105349328583,Order352-4,Task 367
707.3,13.347538751675845,Order353-8,Task 611
707.3,3.672384926611668,Order346-4,Task 376
708.3,21.652548808016668,Order353-4,Task 607
710.3,1.9915194477639049,Order346-10,Task 382
710.3,2.470802855521583,Order346-9,Task 381
710.3,0.669655513187184,Order352-9,Task 372
713.3,4.367638324668042,Order346-1,Task 373
714.3,10.278340538960386,Order352-5,Task 368
718.3,1.9498448397202406,Order346-8,Task 380
718.3,16.600649924542118,Order354-1,Task 383
720.3,4.416021317561052,Order346-7,Task 379
720.3,19.020020688245822,Order346-6,Task 378
725.3,19.279186236788835,Order354-9,Task 391
726.3,5.638822899745431,Order354-3,Task 385
726.3,6.128986785906723,Order346-2,Task 374
728.3,1.4341656134925378,Order354-6,Task 388
729.3,0.5325666222688006,Order354-4,Task 386
729.3,-0.6477753993151443,Order346-3,Task 375
731.3,-0.039640491290380275,Order354-10,Task 392
731.3,7.572952736340025,Order354-2,Task 384
733.3,13.831595600105704,Order354-5,Task 387
733.3,22.689180848078045,Order352-6,Task 398
734.3,25.046696269853758,Order354-7,Task 389
736.3,9.845669130539243,Order352-5,Task 397
737.3,9.49360727612184,Order352-8,Task 400
740.3,5.460030759062844,Order352-7,Task 399
741.3,21.921260344928832,Order353-1,Task 412
741.3,1.9301840447026652,Order352-3,Task 395
744.3,13.846387427946365,Order354-8,Task 390
744.3,18.880619309738638,Order353-7,Task 408
745.3,2.908912417331667,Order352-4,Task 396
747.3,1.9858630439341909,Order353-3,Task 404
747.3,1.1720337720915093,Order352-2,Task 394
749.3,9.620033163070099,Order352-1,Task 393
749.3,10.618302095886392,Order353-9,Task 410
750.3,1.3024774341963743,Order352-9,Task 401
752.3,0.4459935036636682,Order353-6,Task 407
756.3,-1.4378404044555104,Order353-10,Task 411
757.3,0.4350572818013645,Order353-10,Task 421
758.3,2.440863551456323,Order353-2,Task 403
758.3,27.514667593176235,Order353-8,Task 409
761.3,-1.7133166657035428,Order353-5,Task 406
764.3,2.3641039336852137,Order353-2,Task 413
765.3,25.025907327190062,Order353-8,Task 419
769.3,21.70708884105608,Order353-7,Task 418
770.3,10.394501075510476,Order353-9,Task 420
772.3,3.3249213050673214,Order353-3,Task 414
773.3,10.069735940706925,Order351-8,Task 429
777.3,3.713304459914071,Order353-6,Task 417
779.3,4.479132155621323,Order353-5,Task 416
781.3,22.303498706115235,Order351-1,Task 422
782.3,19.77223831851463,Order351-10,Task 431
782.3,15.990701069864949,Order351-4,Task 425
784.0,20.529717124549016,Order348-9,Task 671
786.3,0.05263913007450283,Order351-5,Task 426
786.3,3.26845615238641,Order354-6,Task 629
787.3,18.98334169536308,Order351-3,Task 424
793.3,1.8808231781963842,Order351-6,Task 427
795.3,3.5499310487312288,Order351-7,Task 428
799.3,4.190700037333215,Order352-3,Task 434
800.3,6.631001682003938,Order352-4,Task 435
801.3,9.869384059237536,Order352-8,Task 439
801.3,4.018706903695875,Order352-2,Task 433
803.3,23.887171900180252,Order352-6,Task 437
803.3,10.212363201697535,Order352-1,Task 432
805.3,13.831800863295808,Order353-8,Task 457
806.3,1.9972079923441883,Order352-7,Task 438
806.3,10.51658449313889,Order352-5,Task 436
808.3,14.88514992989385,Order352-8,Task 448
808.3,25.733699135254497,Order348-9,Task 681
812.3,5.4583464019919905,Order353-2,Task 451
815.3,-7.50955657623309,Order353-5,Task 454
816.3,2.6151327438712477,Order352-9,Task 440
816.3,3.01164887858055,Order352-9,Task 449
822.3,-2.1652100077219485,Order352-7,Task 447
822.3,2.4520645405112953,Order353-3,Task 452
824.3,23.82900332064239,Order352-6,Task 446
827.0,23.189897854527228,Order348-9,Task 720
827.3,1.9693916606754756,Order352-4,Task 444
827.3,21.428483011929057,Order353-1,Task 450
830.3,2.835398453064206,Order353-6,Task 455
832.3,10.001794396537166,Order352-1,Task 441
833.0,14.965747393617066,Order351-2,Task 723
835.3,-1.1018406008447292,Order352-2,Task 442
835.3,20.46364587754537,Order351-9,Task 730
836.3,7.2896530963534625,Order353-10,Task 459
836.3,10.639389144634345,Order352-5,Task 445
838.3,0.14824525657181198,Order354-3,Task 462
842.3,-0.7487917542836571,Order352-3,Task 443
845.3,-3.710059825232232,Order354-6,Task 465
845.3,13.838780456614233,Order353-7,Task 456
846.3,10.322027609109734,Order353-9,Task 458
847.3,4.061156240326303,Order354-10,Task 469
850.3,15.564985891884868,Order354-9,Task 468
850.3,15.37898434318111,Order354-1,Task 460
852.3,1.8937194755660467,Order354-2,Task 461
854.3,0.6746607850072022,Order354-4,Task 463
854.3,15.966911117191744,Order353-7,Task 485
861.3,13.835413897373035,Order354-8,Task 467
862.3,30.09434527176345,Order354-7,Task 466
868.3,13.851227826322223,Order354-5,Task 464
869.3,-0.3405542838422275,Order352-2,Task 471
871.3,15.4292623525364,Order352-6,Task 475
873.3,2.395698133674752,Order352-3,Task 472
876.3,9.593037191598086,Order352-8,Task 477
878.3,4.9996868223187345,Order352-9,Task 478
878.3,21.849275220162944,Order353-1,Task 479
880.3,2.154508871659336,Order352-7,Task 476
885.3,4.862205971892875,Order352-4,Task 473
885.3,10.538775042015349,Order352-5,Task 474
885.3,10.003121533949203,Order350-4,Task 492
888.3,-0.8994453854011071,Order353-6,Task 484
890.3,21.661296087618872,Order350-7,Task 495
892.3,4.211451722857703,Order353-2,Task 480
894.3,2.121135967039299,Order353-10,Task 488
895.3,15.95311851675927,Order353-8,Task 486
895.3,9.560460145974835,Order352-1,Task 470
895.3,4.892228650427086,Order353-5,Task 483
897.3,4.264535094568334,Order350-2,Task 490
899.3,1.8243154224397233,Order353-3,Task 481
900.3,10.182863617736606,Order353-9,Task 487
900.3,-1.2902468972643542,Order350-8,Task 496
901.3,13.592078870077977,Order350-1,Task 489
903.3,21.625042338819288,Order350-7,Task 504
903.3,21.207489723829127,Order350-9,Task 497
907.3,1.1043799803309404,Order350-5,Task 493
909.3,0.27958200067616135,Order350-3,Task 491
910.3,0.7193935092964079,Order350-6,Task 494
912.3,0.8010789443449593,Order350-2,Task 499
913.0,9.882839366960983,Order350-4,Task 754
915.3,7.358713306301527,Order350-5,Task 502
919.3,13.260268380720266,Order350-9,Task 506
920.3,15.278841276825808,Order350-4,Task 501
920.3,-1.3030718870643145,Order350-3,Task 500
923.3,13.714997670871533,Order350-1,Task 498
923.3,4.8019502302452235,Order350-6,Task 503
925.3,1.2023950945266282,Order350-8,Task 505
927.3,20.77239034819603,Order352-6,Task 512
928.3,6.809039053756291,Order352-3,Task 509
930.3,20.388496361195784,Order350-7,Task 532
930.3,-1.9456156636627293,Order352-4,Task 510
930.3,14.165510898305016,Order354-1,Task 516
931.3,12.694529945355622,Order352-8,Task 514
932.3,19.546116466527334,Order346-5,Task 773
933.0,22.80407300847007,Order346-7,Task 775
933.3,8.782656524264661,Order352-5,Task 511
936.3,10.02132586273637,Order350-4,Task 763
936.3,-1.898045153412962,Order352-7,Task 513
938.3,12.340816225813066,Order354-3,Task 518
942.3,10.207857360679649,Order352-1,Task 507
943.3,1.1349210327867978,Order352-9,Task 515
943.3,3.398105837080559,Order352-2,Task 508
943.3,10.556101367570417,Order354-8,Task 523
943.3,3.427896063455892,Order354-10,Task 525
944.3,29.5264500809147,Order354-7,Task 785
947.3,16.877978221279825,Order354-9,Task 524
948.3,4.173189251529174,Order354-2,Task 517
951.3,9.896745889891147,Order354-4,Task 519
953.3,15.95794919928726,Order354-5,Task 520
955.3,22.36256047211702,Order354-7,Task 522
958.3,20.376193734635194,Order354-6,Task 521
959.3,19.295018809795152,Order351-10,Task 553
962.3,12.090464032422659,Order350-9,Task 534
963.3,2.0669052757698223,Order350-3,Task 528
968.3,10.035284247232102,Order350-4,Task 529
969.3,2.7148354258782144,Order350-5,Task 530
972.3,3.3591671205269624,Order350-6,Task 531
975.3,3.3739072743925522,Order350-8,Task 533
976.3,2.9722925847863184,Order350-2,Task 527
977.3,3.3068629226318142,Order350-2,Task 536
978.3,8.109136941754372,Order350-1,Task 526
978.3,15.974008268531836,Order351-4,Task 547
979.3,1.1511418589555538,Order350-8,Task 542
982.3,11.9982597435752,Order350-4,Task 538
983.3,17.11139021943885,Order350-7,Task 541
983.3,16.551574290624853,Order351-3,Task 546
984.3,5.172419125223934,Order350-9,Task 543
989.3,23.994562030114945,Order346-5,Task 558
991.3,1.4243366769844752,Order350-5,Task 539
995.3,3.0746483908656916,Order350-6,Task 540
995.3,10.218237977527448,Order350-1,Task 535
996.3,10.066669969208252,Order351-8,Task 551
997.3,15.75413509436647,Order351-1,Task 544
1001.3,26.387684961021137,Order347-5,Task 568
1002.3,3.5234009783215683,Order351-6,Task 549
1004.3,2.557684370146114,Order351-7,Task 550
1010.3,17.046481876650383,Order348-9,Task 847
1011.3,19.464336946016463,Order346-7,Task 855
1012.3,0.3263508137088027,Order350-3,Task 537
1014.3,4.4402341325212245,Order351-5,Task 548
1018.3,3.9003227146123285,Order346-1,Task 554
1020.3,11.644379081819363,Order346-6,Task 559
1022.3,9.061952980171277,Order346-9,Task 562
1023.3,2.1540780963620336,Order346-3,Task 556
1026.3,19.06243362309931,Order352-8,Task 866
1028.3,23.79177745199893,Order352-4,Task 862
1028.3,5.52576708221827,Order346-4,Task 557
1028.3,20.502692397672806,Order352-5,Task 863
1028.3,1.5223360053781099,Order346-10,Task 563
1029.0,15.929081832156372,Order350-6,Task 902
1029.3,5.331522798091967,Order347-6,Task 569
1029.3,22.807298893786395,Order352-8,Task 895
1030.3,20.947531096303067,Order352-7,Task 865
1031.3,20.28016520151065,Order352-2,Task 860
1031.3,1.2070878282134798,Order346-8,Task 561
1032.0,10.383483153489259,Order350-4,Task 900
1032.0,3.2834365321030323,Order350-3,Task 899
1032.3,23.460283704435767,Order352-4,Task 891
1032.3,18.128525095105342,Order352-5,Task 892
1033.3,20.893712595495025,Order352-1,Task 859
1034.3,23.152435495113746,Order352-9,Task 867
1034.3,10.291847693293354,Order349-7,Task 590
1035.3,2.946385756712345,Order346-2,Task 555
1037.3,14.9097367920726,Order352-7,Task 894
1038.3,11.722309725447147,Order348-2,Task 575
1038.3,21.379217198860065,Order352-2,Task 889
1043.3,15.709744846146549,Order352-1,Task 888
1044.3,23.86583706505167,Order352-9,Task 896
1046.3,2.1303987456145577,Order347-8,Task 571
1052.3,27.17901389078947,Order348-9,Task 924
1055.3,10.502672858013531,Order347-1,Task 564
1056.3,16.04123551342347,Order347-9,Task 572
1057.3,10.444518547317102,Order347-3,Task 566
1058.3,9.066829261665584,Order347-4,Task 567
1062.3,4.886934058677827,Order347-2,Task 565
1063.3,10.745269591253205,Order347-10,Task 573
1067.3,8.828050973550862,Order353-9,Task 934
1067.3,20.007293436591635,Order353-1,Task 926
1068.3,21.374078146391014,Order353-2,Task 927
1068.3,21.73405873273182,Order353-8,Task 933
1068.3,26.96085831918163,Order353-3,Task 928
1069.0,6.400957720504842,Order353-6,Task 931
1069.3,20.097223068261112,Order353-4,Task 929
1069.3,2.902652800358402,Order347-7,Task 570
1070.0,23.492319302344615,Order353-5,Task 930
1073.3,17.827455761823835,Order348-5,Task 578
1077.3,16.07451542908938,Order348-6,Task 579
1082.3,6.317593391337278,Order348-10,Task 583
1085.3,10.431847634349262,Order348-8,Task 581
1089.3,13.045404013370689,Order349-1,Task 584
1090.3,6.754761170396913,Order348-7,Task 580
1091.3,10.330318375404124,Order348-1,Task 574
1092.3,6.553402378301579,Order348-3,Task 576
1097.3,19.620411364903614,Order349-3,Task 586
1100.3,13.373215775880254,Order349-8,Task 591
1100.3,11.235916828908323,Order348-4,Task 577
1104.3,8.531662529535101,Order349-2,Task 585
1104.3,21.419028967063998,Order348-9,Task 944
1105.3,10.405874865362737,Order349-10,Task 593
1108.3,11.27201717841175,Order349-9,Task 592
1108.3,9.02749653590904,Order349-6,Task 589
1109.3,11.092059011357822,Order349-4,Task 587
1112.3,22.480600806973754,Order349-5,Task 588
1113.3,16.04149909226035,Order345-3,Task 596
1114.3,23.44159481977034,Order345-4,Task 597
1115.3,8.71656159448734,Order345-10,Task 603
1117.3,10.53927774474299,Order345-5,Task 598
1118.3,12.957799043960346,Order345-9,Task 602
1120.3,10.20552921839227,Order345-7,Task 600
1121.3,24.051890544752673,Order353-1,Task 604
1122.3,4.3873048805690695,Order345-2,Task 595
1124.3,11.318468490301242,Order353-10,Task 613
1126.3,7.640152194830096,Order345-1,Task 594
1127.3,8.747425451962744,Order345-6,Task 599
1129.3,4.938220701621658,Order345-8,Task 601
1133.3,6.077162600706145,Order353-9,Task 612
1133.3,15.875292078904458,Order353-6,Task 609
1136.3,6.69519339660378,Order353-7,Task 610
1138.3,1.6892624571359303,Order353-5,Task 608
1139.3,11.03228427669561,Order353-2,Task 605
1139.3,7.025242988462884,Order345-7,Task 620
1144.3,16.086441010397657,Order353-3,Task 606
1145.3,11.041280460425941,Order345-10,Task 623
1146.3,6.600979635785228,Order345-8,Task 621
1148.3,15.875436161725332,Order345-3,Task 616
1149.0,12.1709045407654,Order351-8,Task 983
1150.0,11.94868905332043,Order351-2,Task 977
1150.3,8.261447074509416,Order354-1,Task 624
1151.3,15.040153538833422,Order345-4,Task 617
1152.3,17.524506582524204,Order351-9,Task 984
1153.3,12.77996856355674,Order345-5,Task 618
1154.3,6.029711478614586,Order345-2,Task 615
1155.3,9.668594967632558,Order345-6,Task 619
1156.3,-2.861000477708516,Order354-3,Task 626
1157.3,14.699558011094707,Order354-2,Task 625
1157.3,6.89151973751825,Order354-10,Task 633
1157.3,16.099945814333065,Order345-1,Task 614
1159.3,18.83110063091821,Order354-7,Task 630
1163.3,7.305910955360769,Order354-5,Task 628
1164.3,10.645308276977303,Order345-9,Task 622
1165.3,4.395254668804099,Order354-4,Task 627
1167.3,6.481753793973737,Order354-9,Task 632
1168.3,22.279178896699896,Order352-8,Task 993
1169.3,21.764798648918685,Order352-4,Task 989
1169.3,19.236447027556974,Order352-5,Task 990
1170.3,21.373146950099024,Order352-7,Task 992
1171.0,15.149830830944854,Order352-2,Task 987
1171.3,17.90915822097898,Order349-3,Task 636
1172.0,20.397148296055718,Order352-1,Task 986
1172.3,24.379633563687307,Order352-9,Task 994
1173.3,11.935352315517312,Order349-7,Task 640
1177.3,7.383009836411412,Order354-8,Task 631
1185.3,3.705676937370951,Order349-5,Task 638
1188.3,10.854155812522734,Order349-8,Task 641
1191.3,11.610563864255141,Order349-2,Task 635
1191.3,11.021983877645354,Order349-9,Task 642
1191.3,13.404915676204006,Order349-4,Task 637
1194.3,13.912583503225857,Order349-1,Task 634
1195.3,7.8359646413993085,Order349-10,Task 643
1196.3,2.80682693548762,Order347-1,Task 644
1197.3,28.129941707642224,Order354-7,Task 1031
1198.3,2.9555666702922605,Order349-6,Task 639
1199.3,2.1048047067295266,Order347-4,Task 647
1199.3,5.7132646767009145,Order347-6,Task 649
1200.3,-0.8724597908186631,Order347-9,Task 652
1202.3,4.665040447619744,Order347-10,Task 653
1203.3,13.216554373664025,Order352-6,Task 659
1204.3,1.5353160349401995,Order347-5,Task 648
1204.3,4.6655487494196475,Order347-2,Task 645
1207.3,14.776151841628137,Order350-6,Task 1040
1209.3,6.808913284750181,Order347-3,Task 646
1210.3,1.2898427701372344,Order347-7,Task 650
1211.3,3.095920037174401,Order352-1,Task 654
1211.3,23.228160593703414,Order346-7,Task 1050
1213.3,8.582944576212508,Order350-3,Task 1037
1213.3,15.24686464692921,Order350-4,Task 1038
1213.3,17.898077263472594,Order352-8,Task 661
1214.3,-3.0499853903153156,Order347-8,Task 651
1219.3,-0.15290475638671064,Order352-5,Task 658
1221.3,2.658153091821725,Order352-7,Task 660
1222.3,21.564779373968978,Order353-9,Task 1062
1224.3,16.50110055906159,Order353-3,Task 1056
1224.3,20.39986177944605,Order353-2,Task 1055
1224.3,21.852681411065266,Order353-8,Task 1061
1225.3,7.994382523951913,Order353-6,Task 1059
1226.3,19.294862858321903,Order353-4,Task 1057
1227.3,21.824271962462376,Order353-5,Task 1058
1227.3,0.4533395787378322,Order352-3,Task 656
1227.3,1.6890219523757048,Order352-2,Task 655
1231.3,3.6319764176400753,Order352-4,Task 657
1231.3,20.807700221246733,Order350-6,Task 1069
1232.3,3.0635784193104154,Order352-9,Task 662
1233.3,0.04857352083295574,Order348-10,Task 672
1234.3,1.3981427237448325,Order348-6,Task 668
1234.3,3.1247729076914004,Order348-8,Task 670
1236.3,17.590503672811117,Order353-9,Task 1081
1237.3,0.6739166402662964,Order348-5,Task 667
1237.3,7.651309044872585,Order350-4,Task 1067
1237.3,22.570097960102597,Order353-3,Task 1075
1237.3,18.056212441502694,Order353-2,Task 1074
1237.3,4.4689138325638,Order350-3,Task 1066
1237.3,11.455765085772557,Order353-8,Task 1080
1238.0,14.607854687993264,Order353-6,Task 1078
1238.3,19.568299798066068,Order353-4,Task 1076
1239.0,22.538912906590436,Order353-5,Task 1077
1240.3,3.5432040732707666,Order348-1,Task 663
1240.3,5.465509944717738,Order348-7,Task 669
1241.3,3.2637491781420582,Order348-3,Task 665
1244.3,10.581082171270106,Order348-4,Task 666
1244.3,4.726588146678427,Order348-2,Task 664
1248.3,-4.314683111284538,Order348-6,Task 678
1251.3,0.9177544981962584,Order348-5,Task 677
1251.3,2.7227940100657024,Order348-3,Task 675
1254.3,0.5392587045265206,Order348-4,Task 676
1255.3,1.6916845889632885,Order348-2,Task 674
1257.3,2.772933999801955,Order348-8,Task 680
1259.3,4.8792215526263085,Order348-10,Task 682
1261.3,23.768998770250903,Order345-10,Task 692
1262.3,0.8605883308098288,Order348-1,Task 673
1266.3,-0.08435924746090673,Order348-7,Task 679
1267.3,1.8450832265276982,Order345-3,Task 685
1268.3,-4.728354796910742,Order345-8,Task 690
1268.3,16.978629233580786,Order345-5,Task 687
1269.3,3.8343508666119033,Order345-1,Task 683
1270.3,0.0965259465910826,Order345-4,Task 686
1274.3,3.921930281318433,Order345-6,Task 688
1275.3,5.695118875988355,Order345-7,Task 689
1276.0,19.873742247062342,Order346-7,Task 1089
1276.3,0.4864434363479946,Order345-9,Task 691
1276.3,1.1404805613123106,Order349-5,Task 697
1277.0,14.972834330095544,Order350-6,Task 1098
1280.0,6.963734633048555,Order350-3,Task 1095
1280.0,8.805684870645404,Order350-4,Task 1096
1280.3,1.2232140940891576,Order345-2,Task 684
1281.3,7.496777299596337,Order349-7,Task 699
1281.3,6.891711665426196,Order349-1,Task 693
1283.3,17.589658556910692,Order353-9,Task 1120
1283.3,2.0754873141036096,Order349-3,Task 695
1284.3,2.5267709566726264,Order349-6,Task 698
1285.3,19.07600317495588,Order353-2,Task 1113
1285.3,11.493556555601803,Order353-8,Task 1119
1285.3,0.7005212741722655,Order349-10,Task 702
1285.3,27.04045668208981,Order353-3,Task 1114
1286.3,12.233222901133647,Order353-6,Task 1117
1287.3,14.876065079722432,Order353-4,Task 1115
1288.3,23.82282030737855,Order353-5,Task 1116
1291.3,6.127025268143765,Order349-8,Task 700
1293.3,23.23574035089496,Order352-6,Task 708
1295.3,0.17198524399424814,Order349-2,Task 694
1295.3,-0.3807951075254776,Order349-4,Task 696
1297.0,14.680555269196795,Order350-6,Task 1127
1297.3,19.351812701802174,Order352-8,Task 710
1298.3,6.971637101727232,Order349-9,Task 701
1299.3,1.9084531823726878,Order352-4,Task 706
1300.0,24.834590554866793,Order350-4,Task 1125
1300.0,0.604548442765644,Order350-3,Task 1124
1300.3,2.468499704353448,Order352-3,Task 705
1304.3,4.376503627097901,Order352-1,Task 703
1309.3,1.1277739833555351,Order352-9,Task 711
1310.0,17.067740585215976,Order350-6,Task 1136
1310.3,5.433711579270145,Order348-5,Task 716
1313.0,20.84841709746405,Order350-4,Task 1134
1313.0,20.084851108325452,Order350-3,Task 1133
1316.3,5.24968749896915,Order352-7,Task 709
1317.3,1.5621261890799771,Order352-2,Task 704
1319.3,23.239358952356493,Order348-8,Task 1147
1320.3,-3.845306653125043,Order352-5,Task 707
1322.3,18.804529071643998,Order348-10,Task 1149
1322.3,25.97135471121982,Order348-9,Task 1148
1323.3,3.6780614790300254,Order348-8,Task 719
1324.3,27.363517105826723,Order348-6,Task 1145
1325.3,23.453307690057336,Order348-1,Task 1140
1326.3,5.162583236800748,Order348-10,Task 721
1327.3,10.549169959781961,Order348-5,Task 1144
1329.3,2.0974974868334413,Order348-1,Task 712
1332.3,17.552753007157705,Order351-10,Task 731
1334.3,0.26657645439691,Order348-2,Task 713
1334.3,0.13735769406340964,Order348-6,Task 717
1334.3,-3.9909411866735933,Order348-7,Task 718
1336.3,1.8494071755804722,Order348-3,Task 714
1336.3,-4.66692153837,Order351-8,Task 729
1339.3,9.358224716080663,Order351-3,Task 724
1340.3,-1.7245113727861345,Order351-4,Task 725
1342.3,7.449347241341219,Order349-7,Task 738
1342.3,9.323746327634245,Order351-1,Task 722
1343.3,0.9098177681575679,Order351-6,Task 727
1345.3,1.9448050130287158,Order348-4,Task 715
1345.3,4.950602882122863,Order351-5,Task 726
1346.3,6.320022093942981,Order349-1,Task 732
1350.3,4.772657451287182,Order349-8,Task 739
1350.3,1.3641253288184592,Order349-10,Task 741
1352.3,3.6482727320391053,Order349-3,Task 734
1353.3,5.554161975419729,Order349-5,Task 736
1353.3,12.950886031929072,Order348-8,Task 1177
1353.3,11.807936512150631,Order345-2,Task 1151
1355.0,17.907561689627705,Order348-9,Task 1178
1355.0,23.63568269429111,Order348-10,Task 1179
1355.3,22.135304580502577,Order346-7,Task 1166
1355.3,2.837229319067591,Order351-7,Task 728
1356.0,25.899374124600318,Order348-6,Task 1175
1356.3,22.28284835302246,Order345-6,Task 1155
1356.3,24.99014321458537,Order348-1,Task 1170
1357.3,9.324665582754509,Order348-5,Task 1174
1357.3,9.720339655016648,Order352-6,Task 747
1358.3,18.871681664362356,Order345-9,Task 1158
1359.3,-1.2031206150143945,Order349-4,Task 735
1360.3,5.573867645120591,Order349-6,Task 737
1361.3,17.488010952549264,Order352-8,Task 749
1363.3,20.080637350857074,Order352-4,Task 745
1363.3,6.955258678433712,Order349-9,Task 740
1363.3,-0.8575961119374598,Order349-2,Task 733
1365.3,16.68949510245469,Order348-8,Task 1197
1367.0,19.498842815303707,Order348-10,Task 1199
1367.0,12.537947260507872,Order348-9,Task 1198
1368.0,29.24510835752051,Order348-6,Task 1195
1368.3,23.8017169921608,Order348-1,Task 1190
1368.3,3.0730149072916695,Order352-1,Task 742
1369.3,11.43632703599403,Order348-5,Task 1194
1369.3,-1.097321171986778,Order352-3,Task 744
1371.3,5.575307807853133,Order352-2,Task 743
1373.3,13.230844231376977,Order345-2,Task 1201
1374.3,2.859503202645835,Order352-5,Task 746
1376.3,21.129358310074828,Order345-6,Task 1205
1377.3,5.529825112125843,Order352-7,Task 748
1378.3,16.107557356423506,Order345-9,Task 1208
1379.3,5.2153613929251605,Order345-2,Task 1211
1380.3,0.7962081186576846,Order352-9,Task 750
1381.3,-0.39156696941398794,Order350-6,Task 756
1382.3,7.092625863781876,Order350-8,Task 758
1383.3,9.043327853988831,Order350-2,Task 752
1384.3,15.285067123521113,Order345-6,Task 1215
1386.3,17.87363006757798,Order350-7,Task 757
1389.3,19.6916564124317,Order345-9,Task 1218
1389.3,5.570687463414284,Order354-6,Task 784
1389.3,7.371396847222828,Order350-9,Task 759
1391.3,6.284525078407287,Order350-3,Task 753
1392.3,26.87184828088161,Order352-8,Task 1227
1393.3,18.974008107574093,Order352-5,Task 1224
1393.3,5.651184017520331,Order350-1,Task 751
1393.3,23.984364256718056,Order352-4,Task 1223
1394.0,19.23873536987673,Order352-3,Task 1222
1394.3,17.165899162561676,Order352-7,Task 1226
1395.0,24.846838159063367,Order352-2,Task 1221
1396.0,17.39597683624398,Order352-1,Task 1220
1396.3,22.466632894852037,Order352-9,Task 1228
1396.3,-2.5801969364588153,Order350-5,Task 755
1398.3,7.429197085125202,Order350-8,Task 767
1399.3,-2.5689776307235226,Order350-6,Task 765
1399.3,5.649843408620275,Order350-1,Task 760
1401.3,20.89408901281117,Order353-9,Task 1237
1402.3,14.18550940054983,Order350-7,Task 766
1403.3,21.504080527953768,Order353-3,Task 1231
1403.3,21.554098443075944,Order353-2,Task 1230
1403.3,23.39976065856716,Order353-8,Task 1236
1404.3,15.890655322035467,Order353-6,Task 1234
1405.3,18.346188130017218,Order353-4,Task 1232
1405.3,14.666505921283111,Order346-10,Task 778
1406.3,-0.8506493284092598,Order350-5,Task 764
1406.3,16.131977592288795,Order353-5,Task 1233
1407.3,6.774067972527342,Order350-3,Task 762
1408.3,8.160162205231313,Order350-2,Task 761
1410.3,9.86032478371884,Order346-8,Task 776
1413.0,27.378779443446504,Order346-7,Task 1245
1414.3,10.318169881955395,Order346-4,Task 772
1414.3,7.098641955988939,Order350-9,Task 768
1419.3,19.607296592953567,Order346-8,Task 1256
1420.3,19.440837846825456,Order346-3,Task 771
1421.3,14.973714401210298,Order346-7,Task 1255
1421.3,5.892965706612544,Order346-2,Task 770
1424.3,-0.7350850477770612,Order346-1,Task 769
1426.3,7.766055975119166,Order346-6,Task 774
1429.3,10.44680461565892,Order346-9,Task 777
1434.0,23.125575055486095,Order351-8,Task 1286
1435.0,12.502568795416519,Order345-2,Task 1270
1435.0,13.369047240041972,Order351-2,Task 1280
1436.0,10.932153975481924,Order351-4,Task 1282
1436.0,4.7702001908003755,Order351-10,Task 1288
1436.3,19.21857997651197,Order345-6,Task 1274
1437.3,19.934740358887655,Order351-9,Task 1287
1437.3,24.488791244767494,Order345-9,Task 1277
1438.3,11.9093247307401,Order351-3,Task 1281
1439.3,6.455884443460033,Order354-8,Task 786
1442.3,8.245089246075523,Order354-1,Task 779
1443.3,8.79823547245565,Order354-9,Task 787
1444.3,11.094910063822,Order354-10,Task 788
1445.3,14.729447390002708,Order354-5,Task 783
1447.3,16.12621558635361,Order354-2,Task 780
1451.3,22.3415444593683,Order345-10,Task 808
1451.3,-3.0889361633792882,Order345-1,Task 799
1452.3,28.499462418744272,Order354-7,Task 795
1453.3,4.186646776375218,Order354-10,Task 798
1453.3,5.600580128357695,Order354-3,Task 781
1457.3,5.135034962565719,Order354-9,Task 797
1459.3,24.009306881403603,Order345-7,Task 805
1460.3,8.37797721384931,Order354-1,Task 789
1462.3,-2.5437779400740115,Order354-4,Task 782
1464.3,16.67823296567669,Order354-2,Task 790
1467.3,9.385793051175732,Order345-9,Task 807
1470.3,5.615481750800354,Order354-6,Task 794
1471.3,4.447078913917407,Order354-4,Task 792
1473.3,5.725810243401562,Order345-4,Task 802
1478.3,5.849572862712207,Order354-3,Task 791
1485.3,1.3889357427049565,Order354-5,Task 793
1488.3,15.434786787677009,Order345-5,Task 803
1494.3,22.325820049383918,Order352-8,Task 1316
1496.3,21.170871880186485,Order352-5,Task 1313
1496.3,1.215773890345554,Order354-8,Task 796
1496.3,27.136724948699747,Order352-4,Task 1312
1497.3,1.9353926771005576,Order345-3,Task 801
1497.3,18.11121285441013,Order352-3,Task 1311
1498.3,14.05453458425519,Order352-7,Task 1315
1498.3,-3.3055706831081384,Order345-8,Task 806
1499.3,18.52906396405293,Order352-2,Task 1310
1500.3,22.013398845102387,Order348-8,Task 1335
1501.3,18.240045352001214,Order352-1,Task 1309
1502.3,1.7287860007573754,Order345-2,Task 800
1502.3,19.365344588546094,Order352-9,Task 1317
1503.3,19.706503519981503,Order348-10,Task 1337
1503.3,25.010095254649165,Order348-9,Task 1336
1505.3,25.354006834601158,Order348-6,Task 1333
1505.3,5.480200110406909,Order345-6,Task 804
1506.3,22.286736641225886,Order346-8,Task 1345
1506.3,18.487036782640438,Order348-1,Task 1328
1508.3,14.374763369330214,Order348-5,Task 1332
1508.3,20.260627203901393,Order346-7,Task 1344
1510.3,19.204234500603206,Order346-2,Task 1339
1510.3,20.054972588512264,Order351-8,Task 1355
1512.3,16.518316165450116,Order351-2,Task 1349
1512.3,5.719018050465865,Order349-5,Task 823
1512.3,5.239802536788384,Order354-6,Task 814
1512.3,1.0876293971658573,Order354-8,Task 816
1513.3,9.731892137043811,Order354-2,Task 810
1514.3,1.4252414683016301,Order351-10,Task 1357
1514.3,11.069113917045282,Order351-4,Task 1351
1516.3,8.444354883936112,Order354-9,Task 817
1517.3,6.528680996557382,Order354-10,Task 818
1517.3,23.20866896048552,Order351-9,Task 1356
1519.0,2.245640315733444,Order350-2,Task 1359
1519.3,4.3919392504499495,Order354-1,Task 809
1519.3,5.791825863807367,Order349-6,Task 824
1519.3,10.277137286038615,Order351-3,Task 1350
1519.3,14.87283879890445,Order350-8,Task 1365
1520.0,10.90926664497983,Order350-6,Task 1363
1520.3,6.12322372559781,Order349-9,Task 827
1520.3,19.372288243332502,Order354-7,Task 815
1521.3,-5.230501280581074,Order349-10,Task 828
1521.3,5.031801664250498,Order350-5,Task 1362
1523.0,16.88813890287191,Order350-4,Task 1361
1523.0,20.59978675832198,Order350-3,Task 1360
1524.3,5.256319281172184,Order354-4,Task 812
1524.3,5.692576883713731,Order349-2,Task 820
1530.3,2.208312073014099,Order354-5,Task 813
1530.3,6.741935174863387,Order349-7,Task 825
1531.3,18.164460945007615,Order354-5,Task 1381
1532.0,15.528704852652963,Order354-3,Task 1379
1533.3,15.169920380327584,Order354-8,Task 1384
1536.0,1.3377865947312788,Order351-8,Task 1394
1537.0,17.255193596477486,Order351-2,Task 1388
1537.3,5.762781616943778,Order354-3,Task 811
1537.3,6.985212727050099,Order349-1,Task 819
1538.0,12.046592466993502,Order351-4,Task 1390
1538.0,4.184715276185571,Order351-10,Task 1396
1539.3,20.402388797512906,Order351-9,Task 1395
1540.3,9.118234785097306,Order351-3,Task 1389
1540.3,0.5848449665485925,Order349-4,Task 822
1543.3,20.250981342636624,Order349-3,Task 821
1543.3,7.1630654344765325,Order349-7,Task 835
1544.3,9.437584108149384,Order349-9,Task 837
1547.3,9.695414356304735,Order349-2,Task 830
1549.3,23.89273410514287,Order352-8,Task 1404
1550.3,6.98995944565853,Order349-1,Task 829
1551.3,18.396947254522637,Order352-4,Task 1400
1551.3,1.0270983107240936,Order349-8,Task 826
1551.3,15.302900615534082,Order352-5,Task 1401
1551.3,18.93461129637444,Order348-2,Task 840
1552.3,15.529109431312493,Order352-3,Task 1399
1553.3,25.059165210312223,Order352-7,Task 1403
1554.3,15.042065709857503,Order352-2,Task 1398
1555.3,5.5929074068267735,Order349-5,Task 833
1555.3,-3.2705349498684373,Order349-10,Task 838
1556.3,17.812381289360506,Order352-1,Task 1397
1557.3,23.42931947364994,Order352-9,Task 1405
1557.3,18.323428758540114,Order349-3,Task 831
1558.3,9.878901685198016,Order348-8,Task 846
1559.3,9.990539462673027,Order348-1,Task 839
1561.3,1.139007771068674,Order349-8,Task 836
1562.3,5.752498991276758,Order349-6,Task 834
1565.3,1.240944189547815,Order349-4,Task 832
1572.3,5.498116889511577,Order348-5,Task 843
1572.3,-2.2513687323212217,Order348-7,Task 845
1572.3,1.818106848111341,Order348-6,Task 844
1573.3,20.533749651336578,Order349-10,Task 1425
1573.3,1.9107978542217081,Order348-4,Task 842
1574.3,22.61703565579576,Order349-3,Task 1418
1574.3,8.043236462514914,Order349-1,Task 1416
1575.0,18.11913092381007,Order349-5,Task 1420
1575.0,6.8156267990335,Order350-2,Task 1427
1575.3,23.745188379842986,Order350-8,Task 1433
1576.0,16.214029278905404,Order350-6,Task 1431
1576.3,12.077420981864284,Order349-8,Task 1423
1577.3,3.075534800616613,Order346-1,Task 849
1577.3,7.758985295907084,Order350-5,Task 1430
1577.3,0.7083741504010921,Order348-10,Task 848
1577.3,9.73822583525325,Order346-6,Task 854
1579.0,19.045189050337964,Order350-3,Task 1428
1579.0,16.998090953264548,Order350-4,Task 1429
1579.3,1.068384140458359,Order346-9,Task 857
1579.3,9.336918329881284,Order352-6,Task 864
1581.3,7.599930039346307,Order348-3,Task 841
1581.3,16.11462309428117,Order346-5,Task 853
1584.3,19.95459359153183,Order346-4,Task 852
1584.3,23.479182852977356,Order346-3,Task 851
1584.3,5.914788066122791,Order354-6,Task 873
1585.3,9.464912827505868,Order346-8,Task 856
1588.3,5.725364267500592,Order347-1,Task 878
1589.3,15.762974151597575,Order346-10,Task 858
1590.3,5.728023697337859,Order347-5,Task 882
1591.3,1.4274531083563595,Order352-3,Task 861
1591.3,7.152805812122184,Order346-2,Task 850
1593.3,-1.142776145246273,Order347-10,Task 887
1594.3,23.60419667636061,Order350-7,Task 903
1598.3,5.671028877371275,Order354-3,Task 870
1601.0,16.765268376073827,Order346-1,Task 1435
1601.0,21.47103085075283,Order346-8,Task 1442
1601.3,1.453028251640224,Order354-8,Task 875
1602.0,12.768084229247872,Order346-7,Task 1441
1602.3,9.021051922125054,Order354-10,Task 877
1603.0,27.92360661379828,Order346-2,Task 1436
1604.3,5.454071205939363,Order347-4,Task 881
1606.3,-0.6023701982304874,Order354-4,Task 871
1608.3,7.744076053562811,Order347-3,Task 880
1608.3,9.504288905626732,Order354-1,Task 868
1609.3,16.068962268759872,Order347-6,Task 883
1609.3,12.917396213799558,Order354-9,Task 876
1611.3,9.220340694029536,Order350-2,Task 898
1611.3,5.687541180844512,Order350-1,Task 897
1615.3,19.18994357872211,Order354-7,Task 874
1615.3,5.877746327566497,Order347-2,Task 879
1616.3,1.3905054059681834,Order347-9,Task 886
1616.3,9.789639450218223,Order352-6,Task 893
1617.3,16.79856270770222,Order354-2,Task 869
1621.3,5.411677494672192,Order347-5,Task 910
1622.3,1.4781965602791791,Order354-5,Task 872
1622.3,13.287612021794972,Order350-9,Task 905
1626.3,2.4809017516364227,Order347-8,Task 885
1628.3,0.6036943260429188,Order347-7,Task 884
1633.3,-4.196927955783016,Order350-5,Task 901
1633.3,1.4189660276413507,Order352-3,Task 890
1633.3,5.301863741024791,Order348-5,Task 920
1634.0,10.842329524432198,Order345-2,Task 1446
1634.3,14.743837575660606,Order347-6,Task 911
1635.3,9.875749631031232,Order350-8,Task 904
1635.3,17.085248869474064,Order345-6,Task 1450
1636.3,23.788327316128267,Order345-9,Task 1453
1638.3,5.679853581015395,Order347-2,Task 907
1640.3,1.6423033583022475,Order347-10,Task 915
1641.3,5.88559984908507,Order347-1,Task 906
1642.0,4.402316107146677,Order350-2,Task 1456
1642.3,17.011197984346257,Order350-8,Task 1462
1643.0,17.75932380824322,Order350-6,Task 1460
1643.3,9.705090511116623,Order348-1,Task 916
1643.3,14.183566529769536,Order350-7,Task 1461
1643.3,15.991269204679778,Order347-3,Task 908
1644.3,1.5027302755664704,Order347-7,Task 912
1644.3,10.21536814784896,Order350-5,Task 1459
1645.3,1.6102144549984705,Order347-4,Task 909
1646.0,5.60177095491428,Order350-2,Task 1475
1646.0,21.0650833430044,Order350-3,Task 1457
1646.0,19.58267611687065,Order350-4,Task 1458
1646.3,17.97983409658044,Order350-8,Task 1481
1647.0,15.903063683468801,Order350-6,Task 1479
1647.3,13.994590366233272,Order349-10,Task 1473
1648.3,6.194848839013603,Order350-5,Task 1478
1648.3,11.084985490260769,Order349-1,Task 1464
1648.3,23.688678688180854,Order349-3,Task 1466
1649.0,15.373649710777599,Order349-5,Task 1468
1650.3,10.165723301780902,Order349-8,Task 1471
1650.3,1.8275745639978822,Order347-8,Task 913
1653.3,20.8192591104043,Order348-2,Task 917
1655.3,19.124234092016877,Order350-4,Task 1477
1655.3,16.241002154321308,Order350-3,Task 1476
1656.3,22.893898469212445,Order348-8,Task 923
1659.3,23.722546756637037,Order353-9,Task 1491
1659.3,9.691344598684962,Order353-10,Task 935
1660.3,1.5567909927174617,Order347-9,Task 914
1661.3,24.648887875275726,Order353-3,Task 1485
1661.3,9.42206866893971,Order353-8,Task 1490
1661.3,16.321644514540836,Order353-2,Task 1484
1661.3,0.9946595714292614,Order348-4,Task 919
1662.3,19.33189313785154,Order353-6,Task 1488
1663.3,22.575016080991983,Order353-4,Task 1486
1664.3,20.514338703626375,Order353-5,Task 1487
1665.3,11.288567190847965,Order345-2,Task 1494
1667.3,1.7542559467331857,Order348-6,Task 921
1668.3,15.821535094443883,Order345-6,Task 1498
1669.3,22.56633142365946,Order348-2,Task 937
1670.3,7.045974185730402,Order348-3,Task 918
1670.3,18.6959664734048,Order345-9,Task 1501
1671.3,22.035227402217313,Order350-2,Task 1504
1672.3,1.2283547884874615,Order348-10,Task 925
1672.3,21.86338526794524,Order348-8,Task 1519
1672.3,11.944580850517507,Order350-8,Task 1510
1673.3,19.630249906254576,Order348-8,Task 943
1673.3,16.694453093261874,Order350-6,Task 1508
1674.3,0.9651206529335998,Order348-7,Task 922
1675.3,15.873958335161399,Order348-10,Task 1521
1675.3,11.479834998597116,Order348-9,Task 1520
1676.3,0.86974759040227,Order353-7,Task 932
1676.3,3.89396821329231,Order350-5,Task 1507
1677.3,26.08385324377945,Order348-6,Task 1517
1678.3,19.45905671894202,Order348-1,Task 1512
1679.3,12.326524180763563,Order350-4,Task 1506
1679.3,19.40462888081628,Order350-3,Task 1505
1680.3,9.812878940826494,Order348-5,Task 1516
1680.3,1.3538616070045126,Order348-10,Task 945
1681.3,8.878207864476995,Order348-1,Task 936
1682.3,6.257755668002751,Order348-3,Task 938
1684.3,8.606950222597778,Order347-6,Task 951
1685.3,12.312471805465613,Order348-5,Task 940
1688.3,25.671053802323563,Order352-6,Task 1527
1689.3,23.54481497296917,Order352-8,Task 1529
1691.3,20.59846739228387,Order352-4,Task 1525
1691.3,20.096037329476033,Order352-5,Task 1526
1691.3,0.7057263438800084,Order348-4,Task 939
1692.3,16.48141303594712,Order352-3,Task 1524
1693.3,13.636451860472626,Order348-8,Task 1538
1693.3,1.1000514622441504,Order348-7,Task 942
1693.3,15.25695708135034,Order352-7,Task 1528
1694.3,18.682263743821206,Order352-2,Task 1523
1695.3,13.824391618208931,Order348-8,Task 1548
1696.3,19.2554570191884,Order352-1,Task 1522
1696.3,14.865353371405488,Order348-10,Task 1540
1696.3,9.297968126623868,Order348-9,Task 1539
1697.3,33.91004322828064,Order348-5,Task 1545
1697.3,22.962426266686926,Order352-9,Task 1530
1698.3,27.319046472061103,Order348-6,Task 1536
1699.3,21.17081889390024,Order348-1,Task 1531
1700.3,2.4962975212434424,Order348-6,Task 941
1700.3,14.809026643051427,Order348-3,Task 1533
1701.3,22.755614850864315,Order348-5,Task 1535
1701.3,13.874917137702063,Order348-10,Task 1550
1702.3,15.316262604678013,Order351-8,Task 1558
1702.3,10.019241828820688,Order348-9,Task 1549
1702.3,3.62702727976118,Order347-3,Task 948
1703.0,20.002782254342346,Order352-6,Task 1576
1703.3,19.087389810252173,Order349-10,Task 1570
1703.3,21.593953640013403,Order352-8,Task 1578
1704.3,23.28532999495762,Order349-3,Task 1563
1704.3,15.832113731884375,Order351-2,Task 1552
1704.3,18.147069810202296,Order352-5,Task 1575
1704.3,28.595554343417035,Order352-4,Task 1574
1704.3,10.161988527305757,Order349-1,Task 1561
1705.0,12.907098800839602,Order349-5,Task 1565
1705.0,23.11954149286504,Order352-3,Task 1573
1705.3,14.109673823587297,Order352-7,Task 1577
1705.3,26.553467605219364,Order348-6,Task 1546
1706.0,19.87788673104352,Order352-2,Task 1572
1706.3,12.65275178063917,Order351-4,Task 1554
1706.3,0.5297652267670392,Order351-10,Task 1560
1706.3,14.623838715822059,Order349-8,Task 1568
1707.0,20.498323646051848,Order352-1,Task 1571
1707.3,18.155878359499752,Order347-5,Task 950
1707.3,17.494068281592007,Order352-9,Task 1579
1707.3,1.2222780680058327,Order347-7,Task 952
1708.3,23.22169614801303,Order348-1,Task 1541
1708.3,1.2918048435502187,Order347-4,Task 949
1708.3,0.02555977696809686,Order347-10,Task 955
1709.3,6.6867768721298875,Order347-1,Task 946
1709.3,23.635860022329076,Order351-9,Task 1559
1710.3,17.11594203200398,Order348-3,Task 1543
1711.3,11.863400854491001,Order351-3,Task 1553
1712.3,10.553619064675988,Order347-2,Task 947
1719.3,1.8060536271289624,Order347-9,Task 954
1729.3,0.9882047154726868,Order347-8,Task 953
1729.3,1.5973012376287972,Order354-8,Task 963
1731.3,19.177615217866506,Order354-10,Task 965
1732.3,18.402650144054505,Order354-1,Task 956
1736.3,1.460528447456451,Order354-5,Task 960
1740.3,15.262048181911624,Order354-9,Task 964
1744.3,1.60168116989156,Order354-4,Task 959
1746.3,2.716799875078832,Order354-2,Task 957
1749.3,23.80633552011301,Order354-7,Task 962
1752.3,4.47943047442489,Order354-3,Task 958
1752.3,18.291055636546744,Order354-6,Task 961
1759.3,0.6215063003623855,Order354-5,Task 970
1760.3,17.06132835134909,Order354-6,Task 971
1763.3,-0.21722821504967016,Order354-9,Task 974
1766.3,5.299047382646536,Order354-3,Task 968
1767.3,16.80199484834307,Order354-1,Task 966
1767.3,16.599127760018575,Order351-8,Task 1597
1769.3,12.938157982461872,Order351-1,Task 976
1769.3,17.24043349110385,Order351-2,Task 1591
1769.3,-0.2281100884666143,Order354-8,Task 973
1771.3,13.181042603245213,Order351-4,Task 1593
1771.3,0.4122837153646959,Order351-10,Task 1599
1774.3,17.52192487836398,Order351-9,Task 1598
1774.3,28.36694752955666,Order352-6,Task 1605
1775.3,1.15757700830993,Order354-4,Task 969
1775.3,19.498898085231986,Order352-8,Task 1607
1776.3,7.662354536344184,Order351-3,Task 1592
1776.3,7.110919639871857,Order354-2,Task 967
1776.3,21.073117241995142,Order354-10,Task 975
1777.3,22.952270081711237,Order352-4,Task 1603
1777.3,24.33785513768828,Order354-7,Task 972
1777.3,16.964811330605702,Order352-5,Task 1604
1778.3,16.626917550509752,Order352-3,Task 1602
1779.3,18.68920634698791,Order352-7,Task 1606
1780.3,17.110040304662814,Order352-2,Task 1601
1780.3,1.0262263052400056,Order351-4,Task 979
1782.3,19.67323629754023,Order352-1,Task 1600
1783.3,24.84547424799094,Order352-9,Task 1608
1785.3,15.413726552726068,Order351-7,Task 982
1786.0,12.034685738403137,Order351-8,Task 1626
1786.3,6.30435287529251,Order351-10,Task 985
1787.0,9.996900941537808,Order351-2,Task 1620
1788.0,7.063269672448859,Order351-4,Task 1622
1788.0,25.290653262347156,Order351-10,Task 1628
1788.3,4.44837306868885,Order351-3,Task 978
1789.3,20.230831960427313,Order351-9,Task 1627
1790.3,13.325523898183098,Order352-6,Task 991
1790.3,9.419336873699285,Order351-3,Task 1621
1792.3,-0.7597548496325415,Order351-6,Task 981
1794.3,20.997881968778803,Order351-5,Task 980
1797.3,-4.622120318939041,Order352-3,Task 988
1797.3,-0.47660447992195654,Order347-2,Task 996
1801.3,18.18806001982861,Order345-10,Task 1014
1803.3,17.669518139894254,Order347-5,Task 999
1804.3,1.3746621184947025,Order347-10,Task 1004
1805.3,10.920105756127096,Order348-8,Task 1636
1806.3,0.3372441280108643,Order347-9,Task 1003
1807.3,0.7269391696154845,Order347-3,Task 997
1808.3,6.165266078342827,Order348-9,Task 1637
1808.3,1.7857584490937808,Order347-4,Task 998
1808.3,20.415919136741497,Order348-10,Task 1638
1809.3,0.7736208979955546,Order347-6,Task 1000
1810.3,26.78049715359059,Order348-6,Task 1634
1811.3,19.43940840622582,Order348-1,Task 1629
1812.3,10.402838296230547,Order348-3,Task 1631
1813.3,15.497050568082503,Order348-5,Task 1633
1813.3,0.5224586006895368,Order347-1,Task 995
1815.3,0.7510649157749744,Order347-7,Task 1001
1817.3,-0.8823053698745362,Order347-8,Task 1002
1818.3,0.13924453642067092,Order345-8,Task 1012
1818.3,18.70821256742147,Order345-5,Task 1009
1821.3,18.091599003942278,Order345-4,Task 1008
1823.3,23.375606041450993,Order345-7,Task 1011
1825.3,1.9824962601610023,Order345-3,Task 1007
1827.3,-1.2266903413254946,Order345-9,Task 1013
1827.3,2.1806457261833474,Order345-6,Task 1010
1829.3,12.169171207424785,Order354-2,Task 1016
1830.3,1.7526359558098557,Order345-2,Task 1006
1830.3,1.4838093016199425,Order345-1,Task 1005
1831.0,27.14021094547555,Order352-6,Task 1644
1831.3,7.365965128698152,Order354-1,Task 1015
1831.3,19.76209266487703,Order352-8,Task 1646
1832.3,22.636731124167884,Order352-4,Task 1642
1832.3,17.235877701070237,Order352-5,Task 1643
1833.0,16.738126174699897,Order352-3,Task 1641
1833.3,24.05769044132316,Order352-7,Task 1645
1834.0,20.425957313602993,Order352-2,Task 1640
1835.0,18.362397329201027,Order352-1,Task 1639
1835.3,17.467384320423637,Order354-6,Task 1020
1835.3,21.724912807187806,Order352-9,Task 1647
1839.0,14.964025855208485,Order347-2,Task 1649
1843.3,0.3568975654170933,Order354-4,Task 1018
1848.3,20.025551079102893,Order350-7,Task 1041
1850.3,0.2863541761844585,Order354-5,Task 1019
1851.3,17.847982138232386,Order354-6,Task 1030
1852.3,22.978888255351194,Order354-7,Task 1021
1853.3,20.089211440166192,Order354-10,Task 1024
1857.3,1.4438693360285493,Order354-3,Task 1017
1858.3,1.7080450077774851,Order354-9,Task 1023
1860.3,0.4093044478837419,Order354-8,Task 1022
1862.3,16.442143688644517,Order354-1,Task 1025
1862.3,15.863276604937225,Order354-10,Task 1034
1862.3,2.7601005308674034,Order354-2,Task 1026
1864.3,8.291376321543858,Order354-3,Task 1027
1870.3,22.03563657232604,Order350-9,Task 1043
1871.3,-2.800229222230095,Order354-8,Task 1032
1873.3,14.188642462542335,Order350-8,Task 1042
1873.3,-1.164763392075212,Order354-4,Task 1028
1875.0,19.8079289056517,Order350-2,Task 1659
1875.3,2.1850927534273614,Order354-9,Task 1033
1875.3,16.120772237671527,Order350-8,Task 1665
1876.0,16.82116079711932,Order350-6,Task 1663
1877.3,6.083457956602413,Order350-5,Task 1662
1877.3,22.49458537308294,Order346-5,Task 1048
1877.3,17.164285242849154,Order350-2,Task 1036
1879.0,17.94551682565562,Order350-4,Task 1661
1879.0,20.481973178349314,Order350-3,Task 1660
1879.3,0.9922480665371032,Order350-5,Task 1039
1879.3,17.393310665251274,Order350-1,Task 1035
1880.3,1.1064286552064657,Order354-5,Task 1029
1883.3,0.3868827854825081,Order346-1,Task 1044
1883.3,18.02768914683966,Order346-3,Task 1046
1885.3,5.302393383873186,Order346-6,Task 1049
1885.3,20.216553918073224,Order346-8,Task 1674
1885.3,17.672997865519616,Order346-1,Task 1667
1886.3,24.239778064125993,Order346-4,Task 1047
1886.3,14.745288931600706,Order352-6,Task 1682
1887.3,20.538370503004,Order353-1,Task 1054
1887.3,17.16282237112277,Order346-7,Task 1673
1887.3,20.88982098370997,Order352-8,Task 1684
1888.3,19.127498303017763,Order346-10,Task 1053
1888.3,1.2723053638977508,Order346-9,Task 1052
1889.3,19.294383095473403,Order352-5,Task 1681
1889.3,22.316290228999392,Order352-4,Task 1680
1889.3,25.92265547028195,Order346-2,Task 1668
1890.3,24.59527044891676,Order352-3,Task 1679
1890.3,-4.632073687842355,Order346-2,Task 1045
